item1,item2,support_count,support_fraction
218794,461686,270,0.00070537
171878,461686,217,0.00056691
219512,384302,204,0.00053294
180751,298009,187,0.00048853
257040,309778,179,0.00046763
9877,241555,171,0.00044673
96924,340093,147,0.00038403
241555,325310,140,0.00036575
84160,370653,140,0.00036575
38965,325310,130,0.00033962
335975,370653,129,0.00033701
354759,452896,129,0.00033701
171878,218794,129,0.00033701
109618,243355,128,0.00033440
9877,325310,128,0.00033440
38965,241555,116,0.00030305
96924,385475,115,0.00030043
9877,38965,115,0.00030043
129457,306289,113,0.00029521
268883,420960,113,0.00029521
115323,150103,113,0.00029521
315545,320494,111,0.00028998
310944,393111,111,0.00028998
32581,461686,110,0.00028737
93144,96924,107,0.00027953
97307,222888,105,0.00027431
20017,267815,100,0.00026125
178451,267815,100,0.00026125
74494,96924,100,0.00026125
20017,178451,99,0.00025863
61345,306289,97,0.00025341
61345,129457,96,0.00025080
10572,461686,95,0.00024818
45226,306289,95,0.00024818
45226,61345,94,0.00024557
45226,129457,93,0.00024296
90219,411373,92,0.00024035
268883,283916,90,0.00023512
283916,420960,89,0.00023251
38965,283115,89,0.00023251
241555,283115,88,0.00022990
412905,440248,88,0.00022990
9877,412622,88,0.00022990
112782,441668,86,0.00022467
37115,241555,85,0.00022206
234255,355994,84,0.00021945
315545,422425,83,0.00021683
37115,38965,83,0.00021683
241555,412622,81,0.00021161
546,248455,81,0.00021161
