item,support_count,support_fraction
461686,951,0.00248446
219512,851,0.00222321
257040,835,0.00218141
309778,741,0.00193584
384302,735,0.00192016
234255,646,0.00168765
320130,597,0.00155964
190000,576,0.00150478
119736,573,0.00149694
9877,531,0.00138722
455183,522,0.00136371
37029,507,0.00132452
241555,499,0.00130362
96924,492,0.00128533
312728,457,0.00119390
290999,443,0.00115732
111530,433,0.00113120
29196,427,0.00111552
231482,425,0.00111030
65273,421,0.00109985
447661,420,0.00109724
445351,419,0.00109462
5411,416,0.00108679
158666,404,0.00105544
247909,394,0.00102931
370653,383,0.00100057
133907,382,0.00099796
266900,382,0.00099796
303828,382,0.00099796
315543,381,0.00099535
441852,376,0.00098229
325310,374,0.00097706
7943,366,0.00095616
254418,362,0.00094571
122604,359,0.00093788
409804,356,0.00093004
335975,351,0.00091698
179601,345,0.00090130
355994,345,0.00090130
142466,343,0.00089608
400946,343,0.00089608
38965,341,0.00089085
369158,340,0.00088824
298009,339,0.00088563
869,338,0.00088301
438484,338,0.00088301
161623,336,0.00087779
354233,335,0.00087518
350629,333,0.00086995
242905,332,0.00086734
