A,B,"support(A,B)",confidence(A->B),interest(A->B)
447539,403965,54,1.000000,0.999848
373403,165030,75,1.000000,0.999710
129457,306289,113,1.000000,0.999684
61345,306289,97,1.000000,0.999684
61345,129457,96,0.989691,0.989396
373403,408907,74,0.986667,0.986468
373403,158498,74,0.986667,0.986426
373403,96904,74,0.986667,0.986374
373403,90219,74,0.986667,0.986236
373403,411373,74,0.986667,0.986142
354759,452896,129,0.984733,0.984385
408907,373403,74,0.973684,0.973488
408907,158498,74,0.973684,0.973444
19648,165030,74,0.973684,0.973394
408907,165030,74,0.973684,0.973394
408907,96904,74,0.973684,0.973392
373403,19648,73,0.973333,0.973135
178451,267815,100,0.970874,0.970605
267815,178451,100,0.970874,0.970605
267815,20017,100,0.970874,0.970521
452896,354759,129,0.969925,0.969583
61345,45226,94,0.969072,0.968790
396288,238995,56,0.965517,0.965246
396288,20017,56,0.965517,0.965165
447539,389358,52,0.962963,0.962817
178451,20017,99,0.961165,0.960812
19648,373403,73,0.960526,0.960330
19648,408907,73,0.960526,0.960328
408907,19648,73,0.960526,0.960328
19648,158498,73,0.960526,0.960286
19648,96904,73,0.960526,0.960234
408907,90219,73,0.960526,0.960095
408907,411373,73,0.960526,0.960001
373403,242548,72,0.960000,0.959739
412905,440248,88,0.956522,0.955997
408907,242548,72,0.947368,0.947107
19648,90219,72,0.947368,0.946937
19648,411373,72,0.947368,0.946843
19648,242548,71,0.934211,0.933949
306289,129457,113,0.933884,0.933589
403965,447539,54,0.931034,0.930893
396288,267815,54,0.931034,0.930765
389358,447539,52,0.928571,0.928430
389358,403965,52,0.928571,0.928420
403965,389358,52,0.896552,0.896405
396288,178451,52,0.896552,0.896283
45226,306289,95,0.879630,0.879314
45226,61345,94,0.870370,0.870117
45226,129457,93,0.861111,0.860816
129457,61345,96,0.849558,0.849304
